image1.jpg,2227,350,3456,4371,leftquarterpanel,image11.png
image2.jpg,2199,965,3456,4297,leftquarterpanel,image21.png
image3.jpg,2441,286,3456,4279,leftquarterpanel,image31.png
image4.jpg,2361,20,4608,3423,leftquarterpanel,image41.png
image5.jpg,2334,179,3456,4223,leftquarterpanel,image51.png
image6.jpg,2467,9,4588,3372,leftquarterpanel,image61.png
image7.jpg,1856,1936,3449,4336,leftquarterpanel,image71.png
image1.jpg,20,2007,3434,4372,leftreardoor,image1.png
image2.jpg,34,2243,3427,4265,leftreardoor,image2.png
image3.jpg,372,1772,3420,4608,leftreardoor,image3.png
image4.jpg,1,388,4340,3201,leftreardoor,image4.png
image5.jpg,13,1629,3455,4274,leftreardoor,image5.png
image6.jpg,1,88,4440,3270,leftreardoor,image6.png
image7.jpg,77,1915,3456,4293,leftreardoor,image7.png
